-- MySQL Administrator dump 1.4
--
-- ------------------------------------------------------
-- Server version	5.1.44-community


/*!40101 SET @OLD_CHARACTER_SET_CLIENT=@@CHARACTER_SET_CLIENT */;
/*!40101 SET @OLD_CHARACTER_SET_RESULTS=@@CHARACTER_SET_RESULTS */;
/*!40101 SET @OLD_COLLATION_CONNECTION=@@COLLATION_CONNECTION */;
/*!40101 SET NAMES utf8 */;

/*!40014 SET @OLD_UNIQUE_CHECKS=@@UNIQUE_CHECKS, UNIQUE_CHECKS=0 */;
/*!40014 SET @OLD_FOREIGN_KEY_CHECKS=@@FOREIGN_KEY_CHECKS, FOREIGN_KEY_CHECKS=0 */;
/*!40101 SET @OLD_SQL_MODE=@@SQL_MODE, SQL_MODE='NO_AUTO_VALUE_ON_ZERO' */;


--
-- Create schema testtwo
--

CREATE DATABASE IF NOT EXISTS testtwo;
USE testtwo;

--
-- Definition of table `category`
--

DROP TABLE IF EXISTS `category`;
CREATE TABLE `category` (
  `id` int(10) unsigned NOT NULL AUTO_INCREMENT,
  `name` varchar(45) NOT NULL,
  `parent_category` int(10) unsigned DEFAULT NULL,
  PRIMARY KEY (`id`)
) ENGINE=InnoDB AUTO_INCREMENT=8 DEFAULT CHARSET=utf8;

--
-- Dumping data for table `category`
--

/*!40000 ALTER TABLE `category` DISABLE KEYS */;
INSERT INTO `category` (`id`,`name`,`parent_category`) VALUES 
 (1,'Electornics',NULL),
 (2,'Computers',1),
 (3,'Tablets',1),
 (4,'Smart phones',1),
 (5,'Clothes',NULL),
 (6,'Men Shoes',5),
 (7,'Women Shoes',5);
/*!40000 ALTER TABLE `category` ENABLE KEYS */;


--
-- Definition of table `order`
--

DROP TABLE IF EXISTS `order`;
CREATE TABLE `order` (
  `id` int(10) unsigned NOT NULL AUTO_INCREMENT,
  `order_ref` varchar(45) NOT NULL,
  `total_price` float NOT NULL,
  `status` int(10) unsigned NOT NULL,
  `date` datetime NOT NULL,
  `expected_date` datetime NOT NULL,
  `user_data_id` int(10) unsigned NOT NULL,
  PRIMARY KEY (`id`),
  KEY `FK_order_1` (`user_data_id`),
  CONSTRAINT `FK_order_1` FOREIGN KEY (`user_data_id`) REFERENCES `order_user_details` (`id`)
) ENGINE=InnoDB DEFAULT CHARSET=utf8;

--
-- Dumping data for table `order`
--

/*!40000 ALTER TABLE `order` DISABLE KEYS */;
/*!40000 ALTER TABLE `order` ENABLE KEYS */;


--
-- Definition of table `order_user_details`
--

DROP TABLE IF EXISTS `order_user_details`;
CREATE TABLE `order_user_details` (
  `id` int(10) unsigned NOT NULL AUTO_INCREMENT,
  `name` varchar(45) NOT NULL,
  `credit_card` varchar(20) NOT NULL,
  `address1` varchar(45) NOT NULL,
  `address2` varchar(45) NOT NULL,
  PRIMARY KEY (`id`)
) ENGINE=InnoDB DEFAULT CHARSET=utf8;

--
-- Dumping data for table `order_user_details`
--

/*!40000 ALTER TABLE `order_user_details` DISABLE KEYS */;
/*!40000 ALTER TABLE `order_user_details` ENABLE KEYS */;


--
-- Definition of table `product`
--

DROP TABLE IF EXISTS `product`;
CREATE TABLE `product` (
  `id` int(10) unsigned NOT NULL AUTO_INCREMENT,
  `name` varchar(45) NOT NULL,
  `description` varchar(200) DEFAULT NULL,
  `price` float NOT NULL,
  `image` blob,
  `start_date` datetime NOT NULL,
  `category_id` int(10) unsigned NOT NULL,
  `shipping_days` int(10) unsigned NOT NULL,
  `active` tinyint(1) NOT NULL DEFAULT '0',
  PRIMARY KEY (`id`),
  KEY `FK_product_1` (`category_id`),
  CONSTRAINT `FK_product_1` FOREIGN KEY (`category_id`) REFERENCES `category` (`id`)
) ENGINE=InnoDB AUTO_INCREMENT=7 DEFAULT CHARSET=utf8;

--
-- Dumping data for table `product`
--

/*!40000 ALTER TABLE `product` DISABLE KEYS */;
INSERT INTO `product` (`id`,`name`,`description`,`price`,`image`,`start_date`,`category_id`,`shipping_days`,`active`) VALUES 
 (1,'Smart Mobile 1234','New brand smart phone',150,0x89504E470D0A1A0A0000000D494844520000006B00000084080200000018CF420C000000017352474200AECE1CE90000000467414D410000B18F0BFC6105000000097048597300000EC300000EC301C76FA864000005EB49444154785EED9C3D4F1B5918856F306B39599495E853D891A32D509AFC80AC909315A20A053D1212692856146E52A67141B6481324247A8A445A09A14D1C94FC806D902BAC40418F948810E4B561EFA7E78E3160FBDC31C3722C178E67CEEB7B9F39F763DE77C8ADD3D353C117406004D052AA08DC321EFC6DEA1FF2E897C0A7CD4752420FF6CBADF37C1224419400AAA7075182DD57123347F2D541A063BDE54A12C6211CC528471224419400AAA70749102580EAE941124409A07A7A90045102A89E1E24419400AAA70749102580EAE941124409A07A7A90045102A89E1E24419400AAA70749102580EAE941124409A07A7A90045102A89E1E24419400AAA70749102580EAE941124409A0FAF47B70EF78BA78704FBECB0DB4B389E851828D25D3BDF87B692B91C602415D3B9F1DEF0251BA495182ED98D9B5FAF87E7DFC7379547EB5BE7030BDDA0ADCD494860B46D0F6AF309F9BD51FB72B3FAA29ED73D86685262844E6C18469E2C9973D21B60ECD00D796D443C94D67D5B23FF60FE3B8BDC9E1E9D1B6DF6517D04D14EE4C6F968C47963F7DBC543C5C37416A478F03CFAAE1099E7785FF8DBAA151CEBD1562664C0EFCFD95AC843B573CF0A0E80E9BA3EFEF3CECC334F1C87656F969B93E66468698B8F359CF36FB15F9A3415EE109B6766AA6ADD927F9A889DB95E6946BFAEEEAB176C4E88BE7BA1B93B75F68DBAEBF56D37CE7D17EBA592D1BAFB9C84214E6EF6ECC67FA89D1EFB9A109467D78952B788D7958BE5DB2FF6C7DD868EA8F23F72DE2CCFD07FA8B5AE3C3DED9A3BD77A9F565A7CBC5EB5D3FD099C108AA6128E73B3536D548B9BBE0197090964D8CFA17A0B708CEFEBD9D1DE8AC6004ED6E464D31EF62EE1BB0A1B566E88DDB800DB94C168CE0653F141DCF3C99567B46BB58AB0FFEE87323BAF778D199D9A919331B9CA5DFDE210C12F742CD151094B3BBD933365FBED1376A5B3F5EEAC567765199B7F4DC2CBE8D3FF59E7CF76323B69BC98F9AA579FD6FA575CB8EED63A962D6DCC69CDBDCECAE7ED31B297FAA0D0BF12A080A915DAE8FAF49BFBCD5BBC505C9424D02CB93BA6FF9DC86DADFC83DF9577974B13E12DBCDB8A346BB28B2769B62B1C8C8BFA895DD442E1E3CAE98554B942AFA7B79D99E86BDCBE6DF76F6E148FE6D671FB07A3FF56A4671EFED4BFF9924885E231224419400AAA707D344B0B5F2AC33DD7F0332D5213D985978E7A5F374262EE1CC12EA9F10FA900443B4E7FAC51802C128D12FB3ED6E98ABFB566FD44725B4B3C5BFF30B00B16896BDBC11F60B87C9570D8740D0D9CAA6A9F53DAFBE6FFD2E5EB9515F3B5A8C6A7B51A24CDD3BAB02C0B7155972912F553BBEA000A02E89BA11F6CA03C9570D8748D0A6A95D7245CCE45416363FF2AB86B35D37D551991A1873D9EC769EA6F9D74775B4FAC6549DA2247E6CD0DB1C8F3B9ACFFDA1935D09570D8748F092296EE7A49D528D8A6DB1429D4B2346E58158C8AACE7779C5035128762422939865D343D0F44E4F9AAE54704EA1AE7B01A0CDD7D61BFCD45612E45CCC9411743ECAAE5D502AE85E006827B7BD7A83A90EE2459B8BAE40BA08B67DD4B5C9971400863266CF362C5D043B4B286EE9B0ED2EFD6ECAE4B60020F69A7E01A030FFB3CB427B1B20BD7C27F9FC4948827A7FD79EFBF5F315FDDED5C902B9DEC1D85CFC6631FEC0C2E4987EC0C11600EEBD3E893FCEA06F8ADC13107657D8F1D048F819F15A67F9A5BF34A0D9155763090FC88FF87FC8F2CB3B16B7BB8EB687D92953A2BA9A57C8513C9C1EB8625BF4EC52B4031F4E0BE2BF72CD08AA32A9DEA0B877B047B006867FCD080EDCCFE4842488B22541124409A07A7A90045102A89E1E24419400AAA70749102580EAE941124409A07A7A90045102A89E1E24419400AAA70749102580EAE941124409A07A7A90045102A89E1E24419400AAA70749102580EAE941124409A07A7A90045102A89E1E24419400AAA70749102580EAE941124409A07A7A90045102A89E1E24419400AAA70749102580EAE941124409A07A7A90045102A89E1E24419400AAA7075182DDFFA70A34EACDD07FDA7C243B4A0FA2579B0449102580EAE94194A05D49D03037584F0FA217FF3F08AA549796D257300000000049454E44AE426082,'2013-10-01 00:00:00',4,5,0),
 (2,'Mobile 3237','Mobile new technology',120,0x89504E470D0A1A0A0000000D494844520000006B00000084080200000018CF420C000000017352474200AECE1CE90000000467414D410000B18F0BFC6105000000097048597300000EC300000EC301C76FA864000005EB49444154785EED9C3D4F1B5918856F306B39599495E853D891A32D509AFC80AC909315A20A053D1212692856146E52A67141B6481324247A8A445A09A14D1C94FC806D902BAC40418F948810E4B561EFA7E78E3160FBDC31C3722C178E67CEEB7B9F39F763DE77C8ADD3D353C117406004D052AA08DC321EFC6DEA1FF2E897C0A7CD4752420FF6CBADF37C1224419400AAA7075182DD57123347F2D541A063BDE54A12C6211CC528471224419400AAA70749102580EAE941124409A07A7A90045102A89E1E24419400AAA70749102580EAE941124409A07A7A90045102A89E1E24419400AAA70749102580EAE941124409A07A7A90045102A89E1E24419400AAA70749102580EAE941124409A0FAF47B70EF78BA78704FBECB0DB4B389E851828D25D3BDF87B692B91C602415D3B9F1DEF0251BA495182ED98D9B5FAF87E7DFC7379547EB5BE7030BDDA0ADCD494860B46D0F6AF309F9BD51FB72B3FAA29ED73D86685262844E6C18469E2C9973D21B60ECD00D796D443C94D67D5B23FF60FE3B8BDC9E1E9D1B6DF6517D04D14EE4C6F968C47963F7DBC543C5C37416A478F03CFAAE1099E7785FF8DBAA151CEBD1562664C0EFCFD95AC843B573CF0A0E80E9BA3EFEF3CECC334F1C87656F969B93E66468698B8F359CF36FB15F9A3415EE109B6766AA6ADD927F9A889DB95E6946BFAEEEAB176C4E88BE7BA1B93B75F68DBAEBF56D37CE7D17EBA592D1BAFB9C84214E6EF6ECC67FA89D1EFB9A109467D78952B788D7958BE5DB2FF6C7DD868EA8F23F72DE2CCFD07FA8B5AE3C3DED9A3BD77A9F565A7CBC5EB5D3FD099C108AA6128E73B3536D548B9BBE0197090964D8CFA17A0B708CEFEBD9D1DE8AC6004ED6E464D31EF62EE1BB0A1B566E88DDB800DB94C168CE0653F141DCF3C99567B46BB58AB0FFEE87323BAF778D199D9A919331B9CA5DFDE210C12F742CD151094B3BBD933365FBED1376A5B3F5EEAC567765199B7F4DC2CBE8D3FF59E7CF76323B69BC98F9AA579FD6FA575CB8EED63A962D6DCC69CDBDCECAE7ED31B297FAA0D0BF12A080A915DAE8FAF49BFBCD5BBC505C9424D02CB93BA6FF9DC86DADFC83DF9577974B13E12DBCDB8A346BB28B2769B62B1C8C8BFA895DD442E1E3CAE98554B942AFA7B79D99E86BDCBE6DF76F6E148FE6D671FB07A3FF56A4671EFED4BFF9924885E231224419400AAA707D344B0B5F2AC33DD7F0332D5213D985978E7A5F374262EE1CC12EA9F10FA900443B4E7FAC51802C128D12FB3ED6E98ABFB566FD44725B4B3C5BFF30B00B16896BDBC11F60B87C9570D8740D0D9CAA6A9F53DAFBE6FFD2E5EB9515F3B5A8C6A7B51A24CDD3BAB02C0B7155972912F553BBEA000A02E89BA11F6CA03C9570D8748D0A6A95D7245CCE45416363FF2AB86B35D37D551991A1873D9EC769EA6F9D74775B4FAC6549DA2247E6CD0DB1C8F3B9ACFFDA1935D09570D8748F092296EE7A49D528D8A6DB1429D4B2346E58158C8AACE7779C5035128762422939865D343D0F44E4F9AAE54704EA1AE7B01A0CDD7D61BFCD45612E45CCC9411743ECAAE5D502AE85E006827B7BD7A83A90EE2459B8BAE40BA08B67DD4B5C9971400863266CF362C5D043B4B286EE9B0ED2EFD6ECAE4B60020F69A7E01A030FFB3CB427B1B20BD7C27F9FC4948827A7FD79EFBF5F315FDDED5C902B9DEC1D85CFC6631FEC0C2E4987EC0C11600EEBD3E893FCEA06F8ADC13107657D8F1D048F819F15A67F9A5BF34A0D9155763090FC88FF87FC8F2CB3B16B7BB8EB687D92953A2BA9A57C8513C9C1EB8625BF4EC52B4031F4E0BE2BF72CD08AA32A9DEA0B877B047B006867FCD080EDCCFE4842488B22541124409A07A7A90045102A89E1E24419400AAA70749102580EAE941124409A07A7A90045102A89E1E24419400AAA70749102580EAE941124409A07A7A90045102A89E1E24419400AAA70749102580EAE941124409A07A7A90045102A89E1E24419400AAA70749102580EAE941124409A07A7A90045102A89E1E24419400AAA70749102580EAE941124409A07A7A90045102A89E1E24419400AAA7075182DDFFA70A34EACDD07FDA7C243B4A0FA2579B0449102580EAE94194A05D49D03037584F0FA217FF3F08AA549796D257300000000049454E44AE426082,'2013-09-01 00:00:00',4,3,0);
INSERT INTO `product` (`id`,`name`,`description`,`price`,`image`,`start_date`,`category_id`,`shipping_days`,`active`) VALUES 
 (3,'Tablet 7\' 2323','Android tablet 4.2',230,0x89504E470D0A1A0A0000000D494844520000006B00000084080200000018CF420C000000017352474200AECE1CE90000000467414D410000B18F0BFC6105000000097048597300000EC300000EC301C76FA864000005E949444154785EED9CCD4B5B5918C64F8D13D28E74C07D1789A4CC42FA2F1424ED203285BA702F0876E3A2B8C8A6CB6EB2B0B3E8A682E0DE450B2D32CC3415FA2F48560675E15E9862AD64129DF3997B6E8C9AE439375EC7276491E6DEE7CD39BFFB9C8FFBBED7DE393B3B137C010446002DA58AC01DE3C1898FBF9347BF04769F7D92127AB05F6E9DE7932009A204503D3D8812ECBE92983992AF0E021DEB2D5792300EE1284639922009A204503D3D48822801544F0F92204A00D5D38324881240F5F42009A204503D3D48822801544F0F92204A00D5D38324881240F5F42009A204503D3D48822801544F0F92204A00D5D38324881240F5F42009A204503D3D48822801544F0F92204A00D5A7DF83FB2733C5C307F25D6EA09D4D448F126C2C9BEEC5DFCB5B89341608EADAF9FC640F88D24D8A126CC7CCAED7C70FEAE35FCBA3F2AB8DC5C399B556E0A6A6345C3082B67F8585DC9CFEB85DF9514D699FC3362B344121320F274D134F77F785D83A32035C5B520F25379D55CBFED83F8AE3F62687A7C7DB7E975D403751B833BD59321E59FEF4C972F168C304A91D3F0E3CAB862778D115FE37EA864639FF5E88D93139F00F56B312EE7CF1D083A23B6C8EFE7DEF511FA68947B6B3CA4F2BF5313332C4E4BDAF7AB639A8C81F0DF20A4FB0B553336DCD3EC9474DDCAE34A75DD3F7D64EB423465FBDD0DD98BAFB4ADB76E3AD9AE63B8FF6D3CD6AD978CD4516A2B0707F7321D34F8C7ECF0D4D30EAC39B5CC16BCCA3F2DD92FD67EBF366537F1C99B08833130FF517B5C6E7FDF3477BEF526B77A7CBC5EB5D3FD099C108AA6128E73B3536D548B9BFE8197090964D8EFA17A0B708CEFEBD9D1DE8AC6004ED6E464D311F62EE1BB0A1B566E88DDB800DB94A168CE0553F141DCF3C99517B46BB58AB0FFEE87323BAF778D199D9E959331B9CA7DFDE210C12F752CD351094B3BBD933365FBFD3376A5B3F5EEBC5676E4999B7F4C22CBE8D3FF49E7CEF4B23B69BC98F9AA579E32FA575CB8EED63A962D6DCC6BCDBDCECAD7DD31B297FAA0D0BF13A080A915DA98FAF4BBFBCD7BBC545C9424D022B53BA6FF9DCA6DADFC83DF93FF2E8527D24B69B71478D764964ED36C56291917F512BBB895C3C7C5C31AB962855F4F7F2B23D0D7B97CDBFEDECC391FCDBCE3E60F57EEAF58CE2DEDB97FE334910BD462448822801544F0FA689606BF57967BAFF1664AA437A30B3F8C14BE7E94C5CC29925D43F21F421098668CFCD8B31048251A25F66DBDD3057F7ADDEA88F4A68E78B7F17170062D12C7B7923EC170E93AF1A0E81A0B3954D53EB7B5E7DDFFA5DBC71A3BE76BC14D5F6A24499BA775605806FABB2E4225FAA767C4901405D127523EC950792AF1A0E91A04D53BBE48A98CDA92C6C7EE4570D67BB6EAAA3323530E6B2D9ED3C4DF3E31775B4FACE549DA2247E6CD0DB1C8F3B9ACFBDD4C9AE84AB86432478C514B773DA4EA946C5B658A1CEA511A3F2402C6455E7BBBCE28128143B129149CCB2E921687AA7274D572AB8A050D7BD00D0E66BEB0D7E6A2B09722E66CA083A1F65D72F2915742F00B493DB5EBDC15407F1A2CD6557205D04DB3EEADAE42B0A004319B3E71B962E829D2514B774D876977E3365725B0010FB4DBF005058F8D965A1BD0D905EBE937CFE242441BDBF6BCFFDFAF98A7EEFEA64815CEF606C2EFECF62FC8185A931FD80832D003C787B1A7F9C41DF14B92720ECAEB0E3A191F033E28DCEF24B7F694073ABAEC6121E901FF1FF90E597772C6E771D6D0FB3D3A644753DAF90A378383D70C5B6E8D9A568073E9C16C47FE58611546552BD4171EF608F600D0CFF86111CB89FC9094910654B8224881240F5F42009A204503D3D48822801544F0F92204A00D5D38324881240F5F42009A204503D3D48822801544F0F92204A00D5D38324881240F5F42009A204503D3D48822801544F0F92204A00D5D38324881240F5F42009A204503D3D48822801544F0F92204A00D5D38324881240F5F42009A204503D3D48822801544F0F92204A00D5D38324881240F5F42009A204503D3D48822801544F0FA204BBFF4F1568D4DBA1DF7DF64976941E44AF360992204A00D5D3832841BB92A0616EB19E1E442FFE7F78CB5497A99D22B60000000049454E44AE426082,'2013-10-15 00:00:00',3,7,0),
 (4,'Tablet for Kids','Kids tablet include all kids applications',110,0x89504E470D0A1A0A0000000D494844520000006B00000084080200000018CF420C000000017352474200AECE1CE90000000467414D410000B18F0BFC6105000000097048597300000EC300000EC301C76FA864000005E949444154785EED9CCD4B5B5918C64F8D13D28E74C07D1789A4CC42FA2F1424ED203285BA702F0876E3A2B8C8A6CB6EB2B0B3E8A682E0DE450B2D32CC3415FA2F48560675E15E9862AD64129DF3997B6E8C9AE439375EC7276491E6DEE7CD39BFFB9C8FFBBED7DE393B3B137C010446002DA58AC01DE3C1898FBF9347BF04769F7D92127AB05F6E9DE7932009A204503D3D8812ECBE92983992AF0E021DEB2D5792300EE1284639922009A204503D3D48822801544F0F92204A00D5D38324881240F5F42009A204503D3D48822801544F0F92204A00D5D38324881240F5F42009A204503D3D48822801544F0F92204A00D5D38324881240F5F42009A204503D3D48822801544F0F92204A00D5A7DF83FB2733C5C307F25D6EA09D4D448F126C2C9BEEC5DFCB5B89341608EADAF9FC640F88D24D8A126CC7CCAED7C70FEAE35FCBA3F2AB8DC5C399B556E0A6A6345C3082B67F8585DC9CFEB85DF9514D699FC3362B344121320F274D134F77F785D83A32035C5B520F25379D55CBFED83F8AE3F62687A7C7DB7E975D403751B833BD59321E59FEF4C972F168C304A91D3F0E3CAB862778D115FE37EA864639FF5E88D93139F00F56B312EE7CF1D083A23B6C8EFE7DEF511FA68947B6B3CA4F2BF5313332C4E4BDAF7AB639A8C81F0DF20A4FB0B553336DCD3EC9474DDCAE34A75DD3F7D64EB423465FBDD0DD98BAFB4ADB76E3AD9AE63B8FF6D3CD6AD978CD4516A2B0707F7321D34F8C7ECF0D4D30EAC39B5CC16BCCA3F2DD92FD67EBF366537F1C99B08833130FF517B5C6E7FDF3477BEF526B77A7CBC5EB5D3FD099C108AA6128E73B3536D548B9BFE8197090964D8EFA17A0B708CEFEBD9D1DE8AC6004ED6E464D311F62EE1BB0A1B566E88DDB800DB94A168CE0553F141DCF3C99517B46BB58AB0FFEE87323BAF778D199D9E959331B9CA7DFDE210C12F752CD351094B3BBD933365FBFD3376A5B3F5EEBC5676E4999B7F4C22CBE8D3FF49E7CEF4B23B69BC98F9AA579E32FA575CB8EED63A962D6DCC6BCDBDCECAD7DD31B297FAA0D0BF13A080A915DA98FAF4BBFBCD7BBC545C9424D022B53BA6FF9DCA6DADFC83DF93FF2E8527D24B69B71478D764964ED36C56291917F512BBB895C3C7C5C31AB962855F4F7F2B23D0D7B97CDBFEDECC391FCDBCE3E60F57EEAF58CE2DEDB97FE334910BD462448822801544F0FA689606BF57967BAFF1664AA437A30B3F8C14BE7E94C5CC29925D43F21F421098668CFCD8B31048251A25F66DBDD3057F7ADDEA88F4A68E78B7F17170062D12C7B7923EC170E93AF1A0E81A0B3954D53EB7B5E7DDFFA5DBC71A3BE76BC14D5F6A24499BA775605806FABB2E4225FAA767C4901405D127523EC950792AF1A0E91A04D53BBE48A98CDA92C6C7EE4570D67BB6EAAA3323530E6B2D9ED3C4DF3E31775B4FACE549DA2247E6CD0DB1C8F3B9ACFBDD4C9AE84AB86432478C514B773DA4EA946C5B658A1CEA511A3F2402C6455E7BBBCE28128143B129149CCB2E921687AA7274D572AB8A050D7BD00D0E66BEB0D7E6A2B09722E66CA083A1F65D72F2915742F00B493DB5EBDC15407F1A2CD6557205D04DB3EEADAE42B0A004319B3E71B962E829D2514B774D876977E3365725B0010FB4DBF005058F8D965A1BD0D905EBE937CFE242441BDBF6BCFFDFAF98A7EEFEA64815CEF606C2EFECF62FC8185A931FD80832D003C787B1A7F9C41DF14B92720ECAEB0E3A191F033E28DCEF24B7F694073ABAEC6121E901FF1FF90E597772C6E771D6D0FB3D3A644753DAF90A378383D70C5B6E8D9A568073E9C16C47FE58611546552BD4171EF608F600D0CFF86111CB89FC9094910654B8224881240F5F42009A204503D3D48822801544F0F92204A00D5D38324881240F5F42009A204503D3D48822801544F0F92204A00D5D38324881240F5F42009A204503D3D48822801544F0F92204A00D5D38324881240F5F42009A204503D3D48822801544F0F92204A00D5D38324881240F5F42009A204503D3D48822801544F0F92204A00D5D38324881240F5F42009A204503D3D48822801544F0FA204BBFF4F1568D4DBA1DF7DF64976941E44AF360992204A00D5D3832841BB92A0616EB19E1E442FFE7F78CB5497A99D22B60000000049454E44AE426082,'2013-07-20 00:00:00',3,4,0);
INSERT INTO `product` (`id`,`name`,`description`,`price`,`image`,`start_date`,`category_id`,`shipping_days`,`active`) VALUES 
 (5,'Leather Shoes ','Men daily work shoes',70,0x89504E470D0A1A0A0000000D494844520000006B00000084080200000018CF420C000000017352474200AECE1CE90000000467414D410000B18F0BFC6105000000097048597300000EC300000EC301C76FA864000005EB49444154785EED9CCD4B5B5918C64F8D13D28E74C07D1749499985F45F2848EA20AEEA42662B0876E3627091C574D92EB2B0B3E8A682E0B6B8686140CAB4A9D07F41B2325417EE85166B2593E89CCFDC7363D4DC3CE7C6383E218B34F73E6FCEF9DDE77CDCF7BDF6D6E9E9A9E00B203002682955046E190F7EF8F377F2484A60EAC51B29A1079372EB3C9F0449102580EAE9419460F795C4CC917C7510E8586FB9928471084731CA910449102580EAE941124409A07A7A90045102A89E1E24419400AAA70749102580EAE941124409A07A7A90045102A89E1E24419400AAA70749102580EAE941124409A07A7A90045102A89E1E24419400AAA70749102580EAE941124409A07A7A90045102A87EF83DB8773C533CB827DFE506DAD954F428C1C6B2E95EFCBDBC954A6381A0AE9D4F8E778128DDA428C176CCEC7A7D7CBF3EFEB93C2ABFDA583C98596B056EEA90860B46D0F6AFB0909BD31FB72B3FAA43DAE7B0CD0A4D5088CC8309D3C4932F7B426C1D9A01AE2DA987929BCEAA657FEC1FC6717B93C3D4D1B6DF6517D04D14EE4C6F968C47963F7DBC5C3CDC30416A478F02CFAAE1099E7785FF8DBAA151CEBF1562764C0EFCFDD5AC843B5F3CF0A0E80E9BA31FEE3C4C609A78643BABFCB4521F3323434CDCF9AC679BFD8AFCD120AFF0045B3B35D3D6ECE37CD4C4ED4A73DA357D77ED583B62F4D953DD8DC9DBCFB46D375EA969BEF368926E56CBC66B2EB2108585BB9B0B992431929E1B9A60D48797B982D79887E5DB25FBCFD6C7CDA6FE3872DF22CEDC7FA0BFA8353EEE9D3DDA7B975A5F76BA5CBCDEF57D9D198CA01A8672BE5363538D94BB8B9E01FB69D9C4A87F017A8BE0ECDFDBD981CE0A46D0EE66D414F32EE6BE3E1B5A6B86DEB8F5D990CB64C1085EF643D1F1CCE319B567B48BB5FAE08F3E37A27B8F179D999D9E35B3C159FAED1D423F712FD45C014139BB9B3D63F3F96B7DA3B6F5E3B95E7CE69694794B4FCDE2DBF84BEFC9773F3562BB99FCA8599A37FE515AB7ECD83E962A66CD6DCCBBCDCDEEDA37BD91F2A7DAB010AF82A010D995FAF8BAF4CB5BBD5B5C942CD424B032A9FB96CF6DAAFD8DDC937F954797EA23B1DD8C3B6AB44B226BB729168B8CFC8B5AD94DE4E2C1A38A59B544A9A2BF97976D2AEC5D36FFB6338123F9B79D0960F57EEAD58CE2DEDB37FC6792207A8D4890045102A89E1E1C2682ADD5279DE9FE1B90A90EE9C1CCE23B2F9DA7337129679650FF84D0872418A23DD72FC6000846897E996D77C35CDDB77AA33E2AA19D2DFE9D5F008845B3ECE58DB05F384CBF6A380082CE56364DADEF79F57DEB77F1D28DFADAD15254DB8B1265EADE591500BEADCA928B7CA9DAF10505007549D48DB0571E48BF6A384082364DED922B6236A7B2B0F9915F359CEDBAA98ECAD4C098CB66B7F334CDBF3FA9A3D5D7A6EA1425F16383DEE678DCD17CEE0F9DEC4AB96A384082974C713B27ED946A546C8B15EA5C1A312A0FC4425675BECB2B1E8842B1231199C62C3B3C044DEFF4A4E94A05E714EABA1700DA7C6DBDC14F6DA541CEC51C3282CE47D9F50B4A05DD0B00EDE4B6576F30D541BC6873D115182E826D1F756DF2250580818CD9B30D1B2E829D2514B774D876977E3365725B00107B4DBF005058F8D965A1BD0D905EBED37CFE242441BDBF6BCFFDFAF98AA47775B240AE77303617FFBE187F6061724C3FE0600B00F75E9DC41F67D03745EE0908BB2BEC786824FC8C78ADB3FCD25F1AD0DCAAABB18407E447FC3F64F9E51D8BDB5D47DBC3ECB429515DCD2BE4281E4C0F5CB12D7A7629DA810FA605F15FB966045599546F50DC3BD823587DC3BF6604FBEE677A421244D9922009A204503D3D48822801544F0F92204A00D5D38324881240F5F42009A204503D3D48822801544F0F92204A00D5D38324881240F5F42009A204503D3D48822801544F0F92204A00D5D38324881240F5F42009A204503D3D48822801544F0F92204A00D5D38324881240F5F42009A204503D3D48822801544F0F92204A00D5D38324881240F5F42009A204503D3D48822801544F0F92204A00D5D38328C1EEFF53051AF566E8A75EBC911DA507D1AB4D8224881240F5F4204AD0AE2468981BACA707D18BFF1FA0C65497EED16EB20000000049454E44AE426082,'2013-10-01 00:00:00',6,3,0),
 (6,'High Heel Female shoes','Women practical nice shoes',80,0x89504E470D0A1A0A0000000D494844520000006B00000084080200000018CF420C000000017352474200AECE1CE90000000467414D410000B18F0BFC6105000000097048597300000EC300000EC301C76FA864000005EB49444154785EED9CCD4B5B5918C64F8D13D28E74C07D1749499985F45F2848EA20AEEA42662B0876E3627091C574D92EB2B0B3E8A682E0B6B8686140CAB4A9D07F41B2325417EE85166B2593E89CCFDC7363D4DC3CE7C6383E218B34F73E6FCEF9DDE77CDCF7BDF6D6E9E9A9E00B203002682955046E190F7EF8F377F2484A60EAC51B29A1079372EB3C9F0449102580EAE9419460F795C4CC917C7510E8586FB9928471084731CA910449102580EAE941124409A07A7A90045102A89E1E24419400AAA70749102580EAE941124409A07A7A90045102A89E1E24419400AAA70749102580EAE941124409A07A7A90045102A89E1E24419400AAA70749102580EAE941124409A07A7A90045102A87EF83DB8773C533CB827DFE506DAD954F428C1C6B2E95EFCBDBC954A6381A0AE9D4F8E778128DDA428C176CCEC7A7D7CBF3EFEB93C2ABFDA583C98596B056EEA90860B46D0F6AFB0909BD31FB72B3FAA43DAE7B0CD0A4D5088CC8309D3C4932F7B426C1D9A01AE2DA987929BCEAA657FEC1FC6717B93C3D4D1B6DF6517D04D14EE4C6F968C47963F7DBC5C3CDC30416A478F02CFAAE1099E7785FF8DBAA151CEBF1562764C0EFCFDD5AC843B5F3CF0A0E80E9BA31FEE3C4C609A78643BABFCB4521F3323434CDCF9AC679BFD8AFCD120AFF0045B3B35D3D6ECE37CD4C4ED4A73DA357D77ED583B62F4D953DD8DC9DBCFB46D375EA969BEF368926E56CBC66B2EB2108585BB9B0B992431929E1B9A60D48797B982D79887E5DB25FBCFD6C7CDA6FE3872DF22CEDC7FA0BFA8353EEE9D3DDA7B975A5F76BA5CBCDEF57D9D198CA01A8672BE5363538D94BB8B9E01FB69D9C4A87F017A8BE0ECDFDBD981CE0A46D0EE66D414F32EE6BE3E1B5A6B86DEB8F5D990CB64C1085EF643D1F1CCE319B567B48BB5FAE08F3E37A27B8F179D999D9E35B3C159FAED1D423F712FD45C014139BB9B3D63F3F96B7DA3B6F5E3B95E7CE69694794B4FCDE2DBF84BEFC9773F3562BB99FCA8599A37FE515AB7ECD83E962A66CD6DCCBBCDCDEEDA37BD91F2A7DAB010AF82A010D995FAF8BAF4CB5BBD5B5C942CD424B032A9FB96CF6DAAFD8DDC937F954797EA23B1DD8C3B6AB44B226BB729168B8CFC8B5AD94DE4E2C1A38A59B544A9A2BF97976D2AEC5D36FFB6338123F9B79D0960F57EEAD58CE2DEDB37FC6792207A8D4890045102A89E1E1C2682ADD5279DE9FE1B90A90EE9C1CCE23B2F9DA7337129679650FF84D0872418A23DD72FC6000846897E996D77C35CDDB77AA33E2AA19D2DFE9D5F008845B3ECE58DB05F384CBF6A380082CE56364DADEF79F57DEB77F1D28DFADAD15254DB8B1265EADE591500BEADCA928B7CA9DAF10505007549D48DB0571E48BF6A384082364DED922B6236A7B2B0F9915F359CEDBAA98ECAD4C098CB66B7F334CDBF3FA9A3D5D7A6EA1425F16383DEE678DCD17CEE0F9DEC4AB96A384082974C713B27ED946A546C8B15EA5C1A312A0FC4425675BECB2B1E8842B1231199C62C3B3C044DEFF4A4E94A05E714EABA1700DA7C6DBDC14F6DA541CEC51C3282CE47D9F50B4A05DD0B00EDE4B6576F30D541BC6873D115182E826D1F756DF2250580818CD9B30D1B2E829D2514B774D876977E3365725B00107B4DBF005058F8D965A1BD0D905EBED37CFE242441BDBF6BCFFDFAF98AA47775B240AE77303617FFBE187F6061724C3FE0600B00F75E9DC41F67D03745EE0908BB2BEC786824FC8C78ADB3FCD25F1AD0DCAAABB18407E447FC3F64F9E51D8BDB5D47DBC3ECB429515DCD2BE4281E4C0F5CB12D7A7629DA810FA605F15FB966045599546F50DC3BD823587DC3BF6604FBEE677A421244D9922009A204503D3D48822801544F0F92204A00D5D38324881240F5F42009A204503D3D48822801544F0F92204A00D5D38324881240F5F42009A204503D3D48822801544F0F92204A00D5D38324881240F5F42009A204503D3D48822801544F0F92204A00D5D38324881240F5F42009A204503D3D48822801544F0F92204A00D5D38324881240F5F42009A204503D3D48822801544F0F92204A00D5D38328C1EEFF53051AF566E8A75EBC911DA507D1AB4D8224881240F5F4204AD0AE2468981BACA707D18BFF1FA0C65497EED16EB20000000049454E44AE426082,'2013-10-04 00:00:00',7,3,0);
/*!40000 ALTER TABLE `product` ENABLE KEYS */;


--
-- Definition of table `product_reviews`
--

DROP TABLE IF EXISTS `product_reviews`;
CREATE TABLE `product_reviews` (
  `id` int(10) unsigned NOT NULL AUTO_INCREMENT,
  `name` varchar(45) NOT NULL,
  `comment` varchar(200) NOT NULL,
  `date` datetime NOT NULL,
  `product_id` int(10) unsigned NOT NULL,
  `stars` int(10) unsigned NOT NULL,
  PRIMARY KEY (`id`),
  KEY `FK_product_reviews_1` (`product_id`),
  CONSTRAINT `FK_product_reviews_1` FOREIGN KEY (`product_id`) REFERENCES `product` (`id`)
) ENGINE=InnoDB AUTO_INCREMENT=7 DEFAULT CHARSET=utf8;

--
-- Dumping data for table `product_reviews`
--

/*!40000 ALTER TABLE `product_reviews` DISABLE KEYS */;
INSERT INTO `product_reviews` (`id`,`name`,`comment`,`date`,`product_id`,`stars`) VALUES 
 (1,'Osama Oransa','Not as expected :(','2013-11-02 00:00:00',1,2),
 (2,'Judy','Brilliant, i would recommend it','2013-11-07 00:00:00',1,5),
 (3,'Kenzy Osa','good enough','2013-11-09 00:00:00',1,4),
 (4,'Rasha','Did the job, recommend it for any one who need a perfect handset','2013-11-13 00:00:00',1,5),
 (5,'Ahmed','Good.','3013-11-07 00:00:00',5,5),
 (6,'Hussein','bad , don\'t like','2013-11-20 00:00:00',4,2);
/*!40000 ALTER TABLE `product_reviews` ENABLE KEYS */;


--
-- Definition of table `product_specifications`
--

DROP TABLE IF EXISTS `product_specifications`;
CREATE TABLE `product_specifications` (
  `product_id` int(10) unsigned NOT NULL,
  `specification_id` int(10) unsigned NOT NULL,
  `value` varchar(200) NOT NULL,
  PRIMARY KEY (`product_id`,`specification_id`),
  KEY `FK_product_specifications_2` (`specification_id`),
  CONSTRAINT `FK_product_specifications_1` FOREIGN KEY (`product_id`) REFERENCES `product` (`id`),
  CONSTRAINT `FK_product_specifications_2` FOREIGN KEY (`specification_id`) REFERENCES `specifications` (`id`)
) ENGINE=InnoDB DEFAULT CHARSET=utf8;

--
-- Dumping data for table `product_specifications`
--

/*!40000 ALTER TABLE `product_specifications` DISABLE KEYS */;
INSERT INTO `product_specifications` (`product_id`,`specification_id`,`value`) VALUES 
 (1,1,'White'),
 (1,2,'5.4 inch'),
 (1,3,'3 hours!'),
 (1,4,'Android'),
 (1,5,'Available'),
 (1,6,'Available'),
 (1,7,'1 GB'),
 (1,10,'Yes'),
 (1,11,'Yes'),
 (2,1,'Black'),
 (2,2,'3.8 inch'),
 (2,3,'10 hours'),
 (2,4,'Android'),
 (2,5,'Not available'),
 (2,7,'2 GB'),
 (2,8,'2.4 MHz'),
 (2,9,'Yes'),
 (2,10,'Yes'),
 (2,11,'No'),
 (3,1,'Red'),
 (3,2,'10 inch'),
 (3,3,'7 hours'),
 (3,4,'Android'),
 (3,5,'Yes'),
 (3,6,'No'),
 (3,8,'1 GHz'),
 (3,9,'Yes'),
 (3,10,'Yes'),
 (4,1,'White'),
 (4,2,'7.7 inch'),
 (4,3,'6 hours'),
 (4,4,'Android'),
 (4,5,'Yes'),
 (4,6,'Yes'),
 (4,7,'3 GB'),
 (4,8,'2 GHz'),
 (4,9,'Yes'),
 (4,10,'Yes'),
 (5,1,'Black'),
 (5,2,'39-46'),
 (5,12,'Natural'),
 (5,13,'2 cm'),
 (6,1,'Brown'),
 (6,2,'34-37'),
 (6,12,'Synthetic'),
 (6,13,'7 cm');
/*!40000 ALTER TABLE `product_specifications` ENABLE KEYS */;


--
-- Definition of table `product_stock`
--

DROP TABLE IF EXISTS `product_stock`;
CREATE TABLE `product_stock` (
  `id` int(10) unsigned NOT NULL AUTO_INCREMENT,
  `stock_size` int(10) unsigned NOT NULL,
  `product_id` int(10) unsigned NOT NULL,
  PRIMARY KEY (`id`),
  KEY `FK_product_stock_1` (`product_id`),
  CONSTRAINT `FK_product_stock_1` FOREIGN KEY (`product_id`) REFERENCES `product` (`id`)
) ENGINE=InnoDB AUTO_INCREMENT=7 DEFAULT CHARSET=utf8;

--
-- Dumping data for table `product_stock`
--

/*!40000 ALTER TABLE `product_stock` DISABLE KEYS */;
INSERT INTO `product_stock` (`id`,`stock_size`,`product_id`) VALUES 
 (1,61999,1),
 (2,51178,2),
 (3,37,3),
 (4,29,4),
 (5,22,5),
 (6,32,6);
/*!40000 ALTER TABLE `product_stock` ENABLE KEYS */;


--
-- Definition of table `specifications`
--

DROP TABLE IF EXISTS `specifications`;
CREATE TABLE `specifications` (
  `id` int(10) unsigned NOT NULL AUTO_INCREMENT,
  `name` varchar(45) NOT NULL,
  PRIMARY KEY (`id`)
) ENGINE=InnoDB AUTO_INCREMENT=15 DEFAULT CHARSET=utf8;

--
-- Dumping data for table `specifications`
--

/*!40000 ALTER TABLE `specifications` DISABLE KEYS */;
INSERT INTO `specifications` (`id`,`name`) VALUES 
 (1,'Color'),
 (2,'Size'),
 (3,'Battery life'),
 (4,'OS'),
 (5,'USB cable'),
 (6,'Charger'),
 (7,'Memory size'),
 (8,'Processor'),
 (9,'Bluetooth'),
 (10,'WiFi'),
 (11,'4G'),
 (12,'Lether type'),
 (13,'Heel size'),
 (14,'Screen size');
/*!40000 ALTER TABLE `specifications` ENABLE KEYS */;




/*!40101 SET SQL_MODE=@OLD_SQL_MODE */;
/*!40014 SET FOREIGN_KEY_CHECKS=@OLD_FOREIGN_KEY_CHECKS */;
/*!40014 SET UNIQUE_CHECKS=@OLD_UNIQUE_CHECKS */;
/*!40101 SET CHARACTER_SET_CLIENT=@OLD_CHARACTER_SET_CLIENT */;
/*!40101 SET CHARACTER_SET_RESULTS=@OLD_CHARACTER_SET_RESULTS */;
/*!40101 SET COLLATION_CONNECTION=@OLD_COLLATION_CONNECTION */;
/*!40101 SET CHARACTER_SET_CLIENT=@OLD_CHARACTER_SET_CLIENT */;
